tenure_months,monthly_charges,support_calls,contract_type,is_paperless,churn
25.9,68.51,1,1,1,0
18.8,57.72,2,0,0,0
19.9,47.71,0,0,1,0
0.0,54.17,2,2,0,1
42.0,92.71,2,1,1,0
35.4,55.89,2,0,1,0
20.7,79.25,2,0,0,0
31.7,80.84,2,0,0,1
26.8,56.0,1,2,0,0
18.5,73.87,1,0,1,0
33.8,56.0,0,1,1,0
20.9,52.79,2,1,1,0
20.7,42.48,2,0,0,0
16.1,82.5,6,2,0,1
28.5,57.04,2,0,1,0
23.0,53.96,0,0,1,1
29.5,42.45,1,2,0,0
17.9,101.18,0,2,0,0
25.3,79.84,0,1,0,0
15.1,62.34,1,0,1,0
32.4,51.11,2,0,1,0
25.9,34.4,0,2,0,0
27.3,70.84,1,0,0,0
28.1,70.77,2,2,0,0
13.9,36.83,4,1,1,1
31.8,88.23,1,1,1,0
44.6,80.52,1,0,1,0
7.6,45.76,1,0,0,1
6.7,53.89,1,1,1,0
9.0,56.45,2,0,0,1
32.4,68.21,2,0,0,0
25.3,62.09,2,1,0,1
34.8,32.22,3,0,1,1
31.2,94.48,2,0,1,1
26.1,71.33,1,0,0,0
26.8,90.22,3,0,1,1
22.3,90.1,3,1,0,1
32.7,60.84,3,0,1,0
12.7,71.84,1,2,0,0
19.8,79.73,3,0,0,1
26.4,80.39,3,0,1,1
42.0,61.72,1,1,1,0
16.4,52.64,2,0,0,0
13.2,65.71,3,0,0,1
18.4,48.97,2,0,0,1
33.7,53.88,0,0,1,0
21.6,24.4,1,2,1,0
37.2,66.67,1,2,0,0
5.3,44.46,1,2,1,0
35.3,53.88,0,1,0,0
34.3,63.95,4,0,0,0
9.8,71.28,1,0,1,0
25.5,102.78,1,1,0,1
36.2,69.09,1,0,1,0
24.9,36.73,4,1,0,0
34.0,67.61,5,0,1,1
47.7,53.09,5,1,0,0
26.7,72.99,0,2,1,0
21.2,51.29,0,1,0,0
16.3,50.83,1,1,0,0
30.5,54.77,1,2,1,0
22.0,52.45,1,1,1,0
22.2,28.5,2,0,0,0
22.9,51.63,3,2,1,0
30.5,64.72,1,2,1,0
13.3,89.01,3,0,1,1
8.7,59.14,1,0,1,0
0.0,57.57,1,2,1,0
36.0,76.6,3,0,1,1
24.7,75.79,0,2,1,0
39.1,96.99,2,1,1,0
23.9,76.7,0,2,1,0
16.6,64.61,2,0,1,0
28.8,91.77,2,2,1,0
23.2,95.59,1,1,1,1
11.5,55.49,0,0,1,0
15.1,68.16,2,0,0,1
41.7,31.39,0,2,1,0
27.5,57.72,0,0,0,0
28.2,47.32,1,2,0,0
21.2,60.72,2,1,0,1
17.1,55.37,1,0,0,1
32.9,61.68,1,0,1,1
23.0,62.94,2,2,0,0
16.4,74.87,2,0,1,0
22.7,69.62,1,2,1,0
14.9,53.76,1,0,1,1
25.9,39.22,3,2,0,0
35.3,89.7,1,0,0,0
15.6,93.35,0,0,0,0
38.3,55.91,3,2,1,0
17.3,76.23,0,0,0,1
25.5,34.48,2,0,1,1
15.6,33.76,0,0,1,0
21.8,59.6,0,1,1,0
24.5,94.43,3,0,1,1
19.7,44.07,1,2,1,0
17.0,48.32,4,0,0,0
17.2,97.15,1,0,1,1
15.8,27.13,2,2,0,0
8.3,77.92,2,0,0,1
21.4,74.76,1,0,1,0
28.0,60.87,3,0,1,1
33.1,68.77,2,0,0,0
30.5,117.43,0,0,0,0
48.6,42.46,0,2,0,0
27.2,58.72,2,0,0,0
19.4,60.24,1,0,1,1
42.7,51.21,1,0,0,0
13.5,38.16,4,0,0,1
33.7,96.87,2,0,1,1
14.4,69.4,4,2,0,1
27.5,29.84,1,2,0,0
4.3,50.94,0,1,0,0
33.0,73.11,1,0,0,0
22.4,73.07,3,1,1,1
14.3,36.19,2,0,0,1
40.8,63.17,2,2,1,0
31.7,70.22,0,1,1,0
24.5,72.85,3,1,1,0
16.5,72.89,1,0,1,1
23.6,28.54,1,1,1,0
22.4,101.94,5,2,0,1
31.2,69.22,0,1,0,0
32.0,101.12,2,0,1,0
17.3,122.26,0,1,1,1
18.5,61.79,2,0,0,1
18.7,40.32,3,0,1,1
10.5,82.28,1,1,1,1
18.1,61.38,4,2,1,1
23.1,55.97,0,1,1,0
30.9,44.33,0,0,1,0
37.2,98.76,4,0,0,0
15.9,56.15,1,1,0,0
29.5,37.01,1,0,0,0
19.6,56.05,0,1,1,0
44.8,41.85,0,1,0,0
23.5,68.16,3,0,1,1
29.0,56.61,0,2,1,0
14.6,43.85,0,2,1,0
15.9,77.04,2,0,1,1
26.0,52.13,3,0,1,1
20.2,79.48,3,2,1,0
27.5,90.22,1,0,0,0
8.4,57.76,4,0,0,1
30.6,52.07,3,0,1,0
15.0,68.99,1,2,0,0
41.2,82.83,3,0,0,0
21.1,64.94,1,2,0,0
35.0,67.8,2,2,1,0
10.1,64.46,4,1,1,0
28.3,71.22,3,0,0,1
15.1,77.57,1,0,0,1
19.1,50.88,0,1,0,0
24.2,55.35,4,2,1,0
20.8,65.87,3,0,0,1
26.6,51.69,1,2,0,0
31.5,67.72,2,0,0,0
30.5,75.72,1,0,1,0
23.1,64.57,0,0,0,0
10.4,52.93,1,1,1,0
16.0,49.46,1,0,0,0
22.0,100.02,2,2,0,1
2.8,82.57,2,0,0,1
31.5,42.6,0,1,0,0
21.6,48.18,0,1,1,0
21.5,102.48,1,2,0,0
33.5,95.23,0,1,0,0
30.7,67.56,1,0,0,0
26.2,88.16,3,0,0,1
14.0,35.26,1,0,0,0
27.1,65.03,3,2,0,0
27.5,79.82,1,0,1,0
15.2,27.8,1,2,0,0
34.4,49.34,1,2,0,0
29.1,80.66,1,0,1,0
4.3,87.63,2,2,0,0
25.2,53.13,0,0,1,0
11.4,70.8,0,0,1,1
35.4,97.01,4,1,1,0
32.1,57.36,1,1,0,0
13.0,38.33,0,0,1,0
15.2,63.77,1,1,0,0
25.0,57.14,3,0,1,1
21.6,91.02,3,0,0,0
39.3,68.2,1,2,0,0
31.4,48.96,3,0,0,1
21.2,113.01,0,1,1,0
29.8,55.0,1,1,0,0
3.7,74.45,1,0,1,1
27.1,78.52,0,2,1,0
32.7,80.69,0,2,0,0
22.2,68.46,0,0,1,0
16.9,76.73,1,0,1,1
29.7,63.64,1,0,1,0
43.6,36.62,2,2,1,0
26.0,60.6,0,0,0,0
12.8,61.03,0,0,0,1
38.5,61.45,1,0,1,0
5.2,67.72,0,0,1,0
29.0,52.51,1,2,0,0
18.2,91.47,1,2,0,1
33.3,96.33,2,2,1,0
15.5,20.99,2,0,1,0
37.2,65.19,1,1,1,0
27.0,50.79,1,1,0,0
6.7,12.88,1,2,0,0
4.3,73.2,3,0,1,1
20.8,52.62,0,2,0,0
36.9,57.49,0,0,1,0
25.3,51.97,0,0,1,0
24.7,86.74,2,0,1,1
21.6,89.79,2,0,1,1
31.4,70.54,1,1,1,0
27.8,78.86,1,1,1,0
26.8,62.75,2,0,0,0
14.2,67.8,0,1,0,0
35.9,50.16,1,1,1,0
37.6,65.69,0,2,1,0
11.0,50.73,3,0,0,1
47.0,72.46,2,0,1,0
31.2,81.55,0,1,0,0
19.1,71.22,4,0,1,1
5.0,88.68,4,1,0,1
30.6,118.8,1,2,1,0
29.6,22.87,0,0,1,0
18.0,65.27,1,1,1,0
6.1,53.63,1,1,0,1
35.2,55.87,0,2,1,0
18.1,37.84,1,0,1,0
19.3,66.05,1,0,0,0
52.5,59.83,0,0,1,0
45.3,52.34,2,2,1,0
33.5,59.91,0,0,0,0
19.4,53.15,3,0,0,0
30.5,18.14,2,1,1,0
1.2,86.55,2,2,1,0
25.1,58.93,0,1,0,0
16.4,46.01,2,0,0,0
11.1,71.13,1,0,1,1
8.2,51.75,0,2,0,0
29.3,21.52,2,0,0,0
24.9,82.74,1,0,0,1
25.6,31.47,2,0,1,0
32.4,60.63,1,0,1,0
15.5,67.4,4,1,0,0
11.6,91.99,1,2,0,0
6.2,88.8,1,2,1,0
20.6,68.31,1,2,0,0
31.6,49.73,3,0,1,1
22.5,56.68,2,0,1,1
30.4,86.75,0,0,1,0
12.2,100.73,0,1,1,1
19.3,75.88,3,0,1,1
16.3,52.1,1,2,0,0
11.5,85.59,1,1,1,0
42.6,57.5,2,2,1,0
32.5,56.84,1,1,0,0
16.4,59.42,0,0,0,0
16.3,76.8,1,0,1,1
23.4,70.51,0,2,0,0
9.6,84.86,1,0,1,0
28.4,90.93,2,0,1,1
11.1,75.26,2,0,0,1
20.3,18.35,1,1,1,0
13.8,31.07,1,0,1,0
19.2,68.17,0,0,0,0
10.7,63.71,1,0,0,0
8.3,108.18,0,1,1,0
14.3,64.4,2,2,1,1
17.2,61.95,1,2,1,0
21.1,83.88,1,0,1,0
24.7,86.29,3,1,1,1
39.3,60.29,0,0,1,0
32.1,74.46,1,0,1,0
21.5,42.33,6,1,0,0
31.3,46.14,0,1,1,0
17.1,89.66,0,0,1,0
38.5,36.86,2,0,0,0
29.5,83.45,1,2,1,0
10.4,78.56,4,0,0,1
31.6,80.4,1,0,0,0
32.2,83.26,2,1,1,0
0.0,76.28,0,0,0,0
16.5,22.17,3,0,1,0
19.3,44.91,2,2,0,0
4.7,52.97,3,2,1,1
13.3,83.3,3,0,0,1
14.5,42.44,0,2,1,0
29.1,50.9,1,2,0,0
27.0,57.74,2,0,0,0
50.3,91.33,0,0,0,0
20.1,36.18,5,0,0,1
35.5,37.92,0,1,0,0
24.8,77.54,1,2,1,0
26.7,22.49,1,1,1,0
12.4,71.64,2,1,0,1
4.9,55.92,0,0,1,1
16.3,33.46,2,1,0,0
31.6,56.59,0,0,0,0
39.8,44.96,1,0,0,0
30.0,68.36,2,0,0,0
29.0,72.28,1,0,0,0
15.6,94.78,1,0,1,0
39.3,64.74,1,2,1,0
37.4,67.01,3,1,1,1
18.7,53.45,1,1,1,0
23.5,64.53,2,0,0,1
14.0,85.99,1,1,1,1
38.7,26.49,6,0,1,1
28.1,78.18,1,1,0,1
23.0,54.3,0,0,0,0
28.1,66.48,1,0,0,1
28.4,71.5,1,0,1,0
19.9,82.01,1,0,0,0
11.6,69.77,1,1,1,0
11.2,57.15,1,2,0,0
6.6,71.23,3,0,1,1
28.6,65.24,2,0,0,0
46.2,60.91,2,0,0,0
7.0,69.1,2,1,1,0
25.4,82.47,1,0,0,1
28.1,67.77,0,1,1,0
14.2,68.11,5,1,1,1
26.0,39.25,1,0,1,0
13.0,62.46,1,0,0,0
36.0,27.84,5,2,1,0
18.1,79.4,2,2,0,0
25.0,46.21,2,0,1,0
30.8,90.91,1,1,1,0
19.7,124.87,0,2,1,0
6.1,57.05,1,0,0,1
18.7,91.59,0,0,1,1
31.6,73.07,4,2,1,1
23.2,53.86,0,0,1,0
26.3,48.17,1,1,0,0
13.2,76.24,0,2,0,0
25.4,92.9,2,0,1,1
31.3,72.07,0,1,1,0
24.4,34.76,2,0,0,0
43.1,44.15,1,2,1,0
21.9,60.44,0,0,0,0
13.6,92.14,1,0,0,1
7.8,70.67,1,1,1,1
35.5,71.55,1,0,0,1
23.4,89.21,1,2,0,0
34.1,60.91,2,0,0,1
28.6,63.22,0,1,1,0
40.3,61.36,1,2,1,0
36.7,29.44,3,0,1,0
20.2,74.33,2,0,0,1
26.7,73.22,1,1,0,0
34.9,84.51,0,2,0,0
11.6,41.22,0,0,0,0
38.5,48.68,2,1,1,1
36.1,83.69,2,0,1,1
33.8,71.46,0,0,0,0
22.0,92.5,0,1,1,1
27.0,47.74,3,0,0,0
12.8,69.02,0,0,0,1
24.6,51.48,1,0,0,0
18.1,71.2,3,0,0,0
24.9,55.3,0,0,0,0
19.1,75.72,0,0,0,0
26.8,86.63,0,1,1,0
35.8,78.51,2,0,0,0
10.9,28.83,1,0,1,0
33.3,83.81,3,0,0,1
4.1,73.95,0,1,1,0
2.4,44.14,0,1,0,0
22.8,47.28,1,1,0,0
24.1,65.17,0,1,1,0
28.4,76.47,2,0,1,0
7.5,55.99,1,1,1,0
23.4,32.55,1,0,1,0
25.3,70.63,0,0,1,0
36.6,68.4,2,1,0,0
23.0,113.82,3,0,0,1
29.3,39.23,1,2,1,0
14.2,115.48,1,0,1,0
22.1,99.89,2,2,0,1
19.5,71.06,1,0,1,1
31.0,98.18,2,1,0,1
14.1,66.93,2,0,0,0
15.7,84.56,2,0,0,1
29.8,50.32,2,0,0,0
41.9,66.59,2,2,1,0
27.8,44.71,0,0,1,0
27.0,33.49,0,2,1,0
20.5,59.57,1,2,0,1
34.9,51.82,2,0,1,0
29.4,76.46,4,0,0,0
41.3,90.42,0,0,1,0
27.3,61.62,2,0,1,0
14.5,66.18,0,2,1,0
18.3,68.76,1,0,1,1
14.1,31.44,3,2,1,0
11.5,70.38,2,0,1,1
36.6,65.23,2,1,0,0
32.1,64.07,2,0,0,1
11.6,42.99,2,0,1,0
41.8,25.36,2,0,1,0
26.4,59.99,2,0,0,0
14.4,71.32,1,1,0,0
27.9,91.82,0,2,1,0
23.3,87.62,1,2,0,1
16.3,94.11,0,0,1,1
4.6,72.4,2,1,1,1
24.4,88.12,2,1,1,0
26.9,60.88,2,2,1,1
0.0,77.57,0,0,1,0
29.5,83.64,3,1,0,0
30.2,118.79,2,0,0,0
19.3,69.85,4,2,0,1
25.1,39.55,2,0,0,0
21.2,92.55,2,1,0,1
15.6,49.17,3,0,1,1
20.4,63.79,1,2,0,1
37.5,59.12,1,1,0,0
9.5,46.84,1,0,1,1
26.4,91.7,4,1,1,1
25.8,76.92,0,0,1,0
16.9,52.76,1,1,0,0
19.6,66.39,1,2,0,0
10.0,56.34,1,0,0,0
15.5,77.3,2,1,0,1
24.1,57.43,2,1,0,0
27.3,49.68,2,0,0,1
15.0,52.11,5,0,1,1
54.6,56.26,0,0,0,0
18.3,70.79,1,2,1,0
25.3,46.62,0,2,0,0
21.7,63.21,1,2,0,0
20.0,73.87,0,1,1,0
37.0,111.75,0,1,1,0
19.2,82.12,1,1,1,1
37.3,10.0,1,2,1,0
35.4,54.78,1,2,1,0
13.5,57.06,2,0,1,1
34.4,71.41,4,0,1,1
17.5,96.39,1,1,1,0
51.4,79.84,2,2,1,0
20.1,18.94,2,0,1,0
14.6,71.14,0,2,0,1
4.9,67.16,2,2,0,1
11.1,73.26,0,0,0,0
18.2,92.18,1,1,1,0
14.0,43.18,2,2,1,0
11.7,87.06,3,2,1,0
17.0,31.92,0,2,0,0
21.9,66.02,1,0,0,1
38.5,72.61,1,2,0,0
7.0,110.69,3,0,1,1
18.5,50.95,2,0,0,0
14.5,31.12,3,0,0,0
8.8,78.74,3,1,0,1
11.3,51.78,1,1,0,0
14.9,96.28,1,1,1,1
31.2,50.84,0,0,0,0
22.1,47.45,2,1,0,0
18.6,89.89,1,1,0,0
30.1,66.71,0,0,1,0
26.8,85.02,1,0,1,0
21.8,36.4,1,0,1,0
27.8,98.02,0,1,1,0
15.7,53.22,2,0,0,0
30.3,81.39,1,0,0,0
28.7,44.9,1,2,1,1
19.9,33.99,0,0,1,0
11.8,59.86,2,0,1,1
39.2,68.49,3,1,1,0
24.9,96.53,3,0,0,0
54.5,72.0,0,0,0,0
17.5,79.31,1,0,1,0
32.5,78.18,0,0,1,0
19.7,127.2,0,0,0,1
26.5,48.64,3,1,0,1
32.3,90.1,0,2,0,0
16.0,62.01,1,2,1,0
23.0,70.22,0,1,0,0
25.6,54.06,1,0,0,0
25.1,88.25,1,2,0,0
30.0,39.9,2,0,0,0
34.3,38.55,1,1,1,0
32.3,60.84,1,1,0,0
26.6,41.84,0,2,1,0
20.5,79.07,1,2,0,0
12.7,83.44,0,1,0,1
16.6,49.94,1,1,1,0
18.7,80.68,0,1,0,0
30.8,51.76,1,2,1,0
20.4,64.12,3,0,0,0
11.6,65.14,0,2,1,0
30.3,102.53,2,2,1,0
16.0,64.99,0,0,0,0
16.3,46.76,4,2,1,1
21.7,46.65,3,2,1,0
28.7,89.0,2,0,1,0
0.0,31.62,0,2,0,0
12.8,55.6,0,0,0,0
